,geocode,clusters
0,Abaetetuba,12
1,Abaeté,7
2,Acaraú,13
3,Adamantina - Lucélia,3
4,Afogados da Ingazeira,4
5,Afonso Cláudio - Venda Nova do Imigrante - Santa Maria de Jetibá,10
6,Aimorés - Resplendor,10
7,Alagoinhas,16
8,Alegre,10
9,Alfenas,9
10,Almeirim - Porto de Moz,12
11,Almenara,16
12,Alta Floresta,14
13,Altamira,12
14,Além Paraíba,10
15,Amambai,2
16,Amarante - Água Branca - Regeneração,11
17,Amparo,9
18,Andradina,3
19,Angra dos Reis,8
20,Anápolis,20
21,Apucarana,3
22,Aquidauana - Anastácio,2
23,Aracaju,16
24,Aracati,13
25,Araguatins,5
26,Araguaína,5
27,Arapiraca,19
28,Araranguá,1
29,Araraquara,9
30,Araras,9
31,Araripina,6
32,Araxá,2
33,Araçatuba,9
34,Araçuaí,7
35,Arcoverde,4
36,Ariquemes,14
37,Assis,3
38,Atalaia,19
39,Avaré,9
40,Açailândia,17
41,Açu,6
42,Bacabal,17
43,Bagé,1
44,Balsas,5
45,Barbacena,10
46,Barra do Corda,17
47,Barra do Garças,14
48,Barras,17
49,Barreiras,5
50,Barreirinhas,17
51,Barreiros - Sirinhaém,19
52,Barretos,2
53,Bauru,9
54,Belo Horizonte,7
55,Belo Jardim – Pesqueira,19
56,Belém,12
57,Bento Gonçalves,8
58,Birigui - Penápolis,9
59,Blumenau,8
60,Boa Vista,15
61,Bom Jesus,5
62,Bom Jesus da Lapa,11
63,Botucatu,9
64,Bragança,17
65,Bragança Paulista,8
66,Brasiléia,15
67,Brejo Santo,6
68,Breves,12
69,Brumado,11
70,Brusque,8
71,Cabo Frio,10
72,Cachoeira do Sul,8
73,Cachoeiro de Itapemirim,10
74,Cacoal,14
75,Caicó,4
76,Cajazeiras,6
77,Caldas Novas-Morrinhos,20
78,Camacan,16
79,Camaquã,1
80,Cametá,12
81,Camocim,13
82,Campina Grande,4
83,Campinas,9
84,Campo Belo,10
85,Campo Grande,3
86,Campo Maior,11
87,Campo Mourão,3
88,Campos dos Goytacazes,10
89,Canguaretama,18
90,Canindé,17
91,Canto do Buriti,11
92,Capanema,17
93,Capelinha,7
94,Capitão Poço,17
95,Caracaraí,15
96,Caraguatatuba - Ubatuba - São Sebastião,8
97,Carangola,10
98,Caratinga,10
99,Carazinho,8
100,Carpina,18
101,Caruaru,19
102,Cascavel,3
103,Castanhal,17
104,Cataguases,10
105,Catalão,2
106,Catanduva,9
107,Catolé do Rocha - São Bento,6
108,Caxambu - Baependi,10
109,Caxias,17
110,Caxias do Sul,8
111,Caçador,8
112,Ceres - Rialma - Goianésia,14
113,Cerro Largo,1
114,Chapadinha,17
115,Chapecó,3
116,Charqueadas - Triunfo - São Jerônimo,1
117,Cianorte,3
118,Coari,15
119,Codó,17
120,Colatina,10
121,Colinas,5
122,Colinas do Tocantins,5
123,Conceição do Coité,4
124,Concórdia,8
125,Confresa - Vila Rica,5
126,Conselheiro Lafaiete,10
127,Cornélio Procópio – Bandeirantes,9
128,Corrente,5
129,Corumbá,2
130,Coxim,2
131,Crateús,17
132,Criciúma,1
133,Cruz Alta,1
134,Cruz das Almas,16
135,Cruzeiro,10
136,Cruzeiro do Sul,15
137,Cuiabá,14
138,Cuité - Nova Floresta,4
139,Curitiba,8
140,Curitibanos,8
141,Currais Novos,18
142,Cururupu,17
143,Curvelo,7
144,Cáceres,14
145,Cícero Dantas,19
146,Delmiro Gouveia,4
147,Diamantina,7
148,Diamantino,14
149,Dianópolis,20
150,Distrito Federal,20
151,Divinópolis,7
152,Dois Vizinhos,3
153,Dores do Indaiá,2
154,Dourados,3
155,Dracena,3
156,Eirunepé,15
157,Encantado,8
158,Erechim,8
159,Escada - Ribeirão,19
160,Esperantina,17
161,Espinosa,11
162,Estância,16
163,Euclides da Cunha,4
164,Eunápolis - Porto Seguro,16
165,Feira de Santana,16
166,Fernandópolis,9
167,Flores de Goiás,20
168,Floriano,5
169,Florianópolis,1
170,Formiga,7
171,Fortaleza,13
172,Foz do Iguaçu,1
173,Franca,7
174,Francisco Beltrão,1
175,Frederico Westphalen,3
176,Frutal,2
177,Garanhuns,19
178,Goiana – Timbaúba,18
179,Goiás - Itapuranga,14
180,Goiânia,20
181,Governador Nunes Freire,17
182,Governador Valadares,10
183,Guanambi,11
184,Guanhães,10
185,Guarabira,4
186,Guarapuava,3
187,Guaratinguetá,10
188,Guaraí,5
189,Guaxupé,9
190,Gurupi,5
191,Ibaiti,3
192,Ibirama - Presidente Getúlio,8
193,Icó,6
194,Iguatu,6
195,Ijuí,8
196,Ilhéus – Itabuna,16
197,Imperatriz,5
198,Inhumas - Itaberaí - Anicuns,14
199,Ipatinga,10
200,Ipiaú,16
201,Iporá,14
202,Irati,3
203,Irecê,11
204,Itabaiana,18
205,Itaberaba,11
206,Itabira,10
207,Itacoatiara,15
208,Itaituba,14
209,Itajaí,1
210,Itajubá,10
211,Itapagé,17
212,Itapecuru Mirim,17
213,Itaperuna,10
214,Itapetinga,16
215,Itapetininga,8
216,Itapeva,8
217,Itapipoca,13
218,Itaporanga,4
219,Ituiutaba,2
220,Itumbiara,20
221,Ituporanga,8
222,Iturama,2
223,Ituverava,9
224,Ivaiporã,3
225,Jaciara,14
226,Jacobina,11
227,Jales,3
228,Janaúba,11
229,Januária,11
230,Jardim,2
231,Jaru,14
232,Jataí-Mineiros,14
233,Jaú,9
234,Jequié,16
235,Jeremoabo,19
236,Ji-Paraná,14
237,Joaçaba - Herval d'Oeste,8
238,Joinville,1
239,João Câmara,6
240,João Monlevade,10
241,João Pessoa,18
242,Juara,14
243,Juazeiro,11
244,Juazeiro do Norte,6
245,Juiz de Fora,10
246,Jundiaí,8
247,Juína,14
248,Lagarto,4
249,Lages,8
250,Lagoa Vermelha,8
251,Lajeado,8
252,Laranjal do Jari,12
253,Laranjeiras do Sul - Quedas do Iguaçu,3
254,Lavras,10
255,Limeira,9
256,Limoeiro,4
257,Linhares,10
258,Lins,9
259,Loanda,3
260,Londrina,9
261,Luziânia,2
262,Lábrea,15
263,Macapá,12
264,Macaé - Rio das Ostras,10
265,Maceió,19
266,Mafra,8
267,Mamanguape - Rio Tinto,18
268,Manacapuru,15
269,Manaus,14
270,Manhuaçu,10
271,Manicoré,15
272,Mantena,16
273,Marabá,12
274,Marau,8
275,Maravilha,3
276,Marechal Cândido Rondon,1
277,Maringá,3
278,Marília,9
279,Miracema do Tocantins,5
280,Mirassol D'oeste,14
281,Mogi Guaçu,9
282,Monte Carmelo,7
283,Monteiro,4
284,Montenegro,8
285,Montes Claros,7
286,Mossoró,6
287,Muriaé,10
288,Natal,18
289,Naviraí - Mundo Novo,3
290,Nazaré – Maragogipe,16
291,Nonoai,3
292,Nossa Senhora da Glória,19
293,Nova Andradina,3
294,Nova Friburgo,10
295,Nova Prata - Guaporé,8
296,Nova Venécia,10
297,Novo Hamburgo - São Leopoldo,8
298,Oeiras,11
299,Oiapoque,12
300,Oliveira,10
301,Oriximiná,12
302,Ourinhos,9
303,Pacaraima,15
304,Palmares,19
305,Palmas,5
306,Palmeira das Missões,8
307,Palmeira dos Índios,19
308,Palmeiras de Goiás,14
309,Paragominas,17
310,Paranacity - Colorado,3
311,Paranaguá,1
312,Paranavaí,3
313,Paranaíba - Chapadão do Sul - Cassilândia,2
314,Parauapebas,12
315,Paraíso do Tocantins,5
316,Parintins,14
317,Parnaíba,13
318,Pará de Minas,2
319,Passo Fundo,8
320,Passos,7
321,Pato Branco,3
322,Patos,4
323,Patos de Minas,7
324,Patrocínio,7
325,Pau dos Ferros,6
326,Paulistana,6
327,Paulo Afonso,4
328,Pedra Azul,16
329,Pedreiras,17
330,Peixoto de Azevedo - Guarantã do Norte,14
331,Pelotas,1
332,Penedo,19
333,Petrolina,6
334,Petrópolis,10
335,Picos,11
336,Pinheiro,17
337,Piracanjuba,20
338,Piracicaba,9
339,Piraju,9
340,Pirapora,7
341,Pires do Rio,20
342,Piripiri,17
343,Pitanga,3
344,Piumhi,7
345,Pombal,6
346,Ponta Grossa,3
347,Ponta Porã,2
348,Ponte Nova,10
349,Pontes e Lacerda - Comodoro,14
350,Porangatu,14
351,Porto Alegre,1
352,Porto Calvo - São Luís do Quitunde,19
353,Porto Grande,12
354,Porto Nacional,5
355,Porto Velho,14
356,Posse-Campos Belos,20
357,Pouso Alegre,9
358,Poços de Caldas,9
359,Presidente Dutra,17
360,Presidente Epitácio-Presidente Venceslau,3
361,Presidente Prudente,3
362,Primavera do Leste,14
363,Princesa Isabel,6
364,Propriá,19
365,Pão de Açúcar - Olho d'Água das Flores – Batalha,19
366,Quirinópolis,2
367,Quixadá,17
368,Recife,18
369,Redenção,5
370,Redenção-Acarape,13
371,Registro,1
372,Resende,10
373,Ribeira do Pombal,4
374,Ribeirão Preto,9
375,Rio Bonito,10
376,Rio Branco,15
377,Rio Claro,9
378,Rio Verde,20
379,Rio de Janeiro,8
380,Rio do Sul,8
381,Rondonópolis,14
382,Rorainópolis,15
383,Russas - Limoeiro do Norte,13
384,Salgueiro,4
385,Salinas,7
386,Salvador,16
387,Santa Bárbara - Ouro Preto,10
388,Santa Cruz,18
389,Santa Cruz do Sul,8
390,Santa Fé do Sul,3
391,Santa Inês,5
392,Santa Maria,1
393,Santa Maria da Vitoria,20
394,Santa Rosa,1
395,Santana do Ipanema,19
396,Santana do Livramento,1
397,Santarém,12
398,Santiago,1
399,Santo Antônio - Passa e Fica - Nova Cruz,4
400,Santo Antônio da Platina,9
401,Santo Antônio de Jesus,16
402,Santo Antônio de Pádua,10
403,Santo Ângelo,1
404,Santos,8
405,Seabra,11
406,Sena Madureira,15
407,Senhor do Bonfim,4
408,Serra Talhada,6
409,Serrinha,4
410,Sete Lagoas,7
411,Simplício Mendes,11
412,Sinop,14
413,Sobradinho,8
414,Sobral,13
415,Soledade,8
416,Sorocaba,8
417,Sorriso,14
418,Soure-Salvaterra,12
419,Sousa,4
420,Sumé,4
421,Surubim,19
422,São Benedito - Ipu - Guaraciaba do Norte - Tianguá,17
423,São Bento do Sul - Rio Negrinho,8
424,São Borja,1
425,São Carlos,9
426,São Francisco,20
427,São Gabriel - Caçapava do Sul,1
428,São Gabriel da Cachoeira,15
429,São Joaquim da Barra – Orlândia,9
430,São José do Rio Pardo - Mococa,9
431,São José do Rio Preto,2
432,São José dos Campos,8
433,São João Nepomuceno - Bicas,10
434,São João da Boa Vista,9
435,São João del Rei,10
436,São João do Piauí,11
437,São João dos Patos,5
438,São Lourenço,10
439,São Lourenço do Oeste,3
440,São Luiz Gonzaga,1
441,São Luís,17
442,São Luís de Montes Belos,14
443,São Mateus,16
444,São Miguel do Oeste,1
445,São Miguel dos Campos,19
446,São Paulo,1
447,São Paulo do Potengi,18
448,São Raimundo Nonato,11
449,São Sebastião do Paraíso,9
450,Tabatinga,15
451,Tangará da Serra,14
452,Tapejara - Sananduva,8
453,Taquara - Parobé - Igrejinha,8
454,Tarauacá,15
455,Tatuí,9
456,Taubaté - Pindamonhangaba,10
457,Tauá,17
458,Tefé,15
459,Teixeira de Freitas,16
460,Telêmaco Borba,3
461,Teresina,17
462,Teófilo Otoni,16
463,Timon,17
464,Tocantinópolis,5
465,Toledo,1
466,Torres,1
467,Tramandaí - Osório,1
468,Três Corações,10
469,Três Lagoas,2
470,Três Passos,1
471,Três Pontas - Boa Esperança,10
472,Três Rios - Paraíba do Sul,10
473,Três de Maio,1
474,Tubarão,1
475,Tucumã - São Félix do Xingu,12
476,Tucuruí,12
477,Tupã,3
478,Tutóia - Araioses,17
479,Uberaba,2
480,Uberlândia,2
481,Ubá,10
482,Umuarama,3
483,Unaí,2
484,União da Vitória,3
485,União dos Palmares,19
486,Uruaçu - Niquelândia,14
487,Uruguaiana,1
488,Uruçuí,5
489,Vacaria,8
490,Valença,16
491,Valença do Piauí,17
492,Varginha,10
493,Viana,5
494,Videira,8
495,Vilhena,14
496,Vitória,10
497,Vitória da Conquista,16
498,Vitória de Santo Antão,18
499,Viçosa,10
500,Volta Redonda - Barra Mansa,10
501,Votuporanga,9
502,Xanxerê,3
503,Xinguara,12
504,Xique-Xique – Barra,11
505,Água Boa,14
506,Águas Formosas,16
507,Águas Lindas de Goiás,20
